timestamp,device_id,value,value_abs
2025-10-15T11:27:45+02:00,chirop-5,-88.63775510204081,88.63775510204081
2025-10-15T11:27:46+02:00,chirop-5,-88.10229885057473,88.10229885057473
2025-10-15T11:27:47+02:00,chirop-5,-88.16344086021505,88.16344086021505
2025-10-15T11:27:48+02:00,chirop-5,-89.26222222222223,89.26222222222223
2025-10-15T11:27:49+02:00,chirop-5,-86.69052631578944,86.69052631578944
2025-10-15T11:27:50+02:00,chirop-5,-87.30561797752809,87.30561797752809
2025-10-15T11:27:51+02:00,chirop-5,-88.0308510638298,88.0308510638298
2025-10-15T11:27:52+02:00,chirop-5,-92.96363636363634,92.96363636363634
2025-10-15T11:27:53+02:00,chirop-5,-88.45217391304347,88.45217391304347
2025-10-15T11:27:54+02:00,chirop-5,-88.01443298969072,88.01443298969072
2025-10-15T11:27:55+02:00,chirop-5,-89.06562500000001,89.06562500000001
2025-10-15T11:27:56+02:00,chirop-5,-90.30638297872338,90.30638297872338
2025-10-15T11:27:57+02:00,chirop-5,-88.83541666666665,88.83541666666665
2025-10-15T11:27:58+02:00,chirop-5,-87.63936170212767,87.63936170212767
2025-10-15T11:27:59+02:00,chirop-5,-88.27525773195873,88.27525773195873
2025-10-15T11:28:00+02:00,chirop-5,-89.2782608695652,89.2782608695652
2025-10-15T11:28:01+02:00,chirop-5,-89,89
2025-10-15T11:28:02+02:00,chirop-5,-88.37021276595745,88.37021276595745
2025-10-15T11:28:03+02:00,chirop-5,-89.26813186813187,89.26813186813187
2025-10-15T11:28:04+02:00,chirop-5,-90.54444444444442,90.54444444444442
2025-10-15T11:28:05+02:00,chirop-5,-88.18265306122446,88.18265306122446
2025-10-15T11:28:06+02:00,chirop-5,-88.36021505376345,88.36021505376345
2025-10-15T11:28:07+02:00,chirop-5,-87.58526315789473,87.58526315789473
2025-10-15T11:28:08+02:00,chirop-5,-87.20957446808512,87.20957446808512
2025-10-15T11:28:09+02:00,chirop-5,-88.55319148936172,88.55319148936172
2025-10-15T11:28:10+02:00,chirop-5,-86.24583333333332,86.24583333333332
2025-10-15T11:28:11+02:00,chirop-5,-88.31290322580648,88.31290322580648
2025-10-15T11:28:12+02:00,chirop-5,-91.30736842105266,91.30736842105266
2025-10-15T11:28:13+02:00,chirop-5,-105.60957446808516,105.60957446808516
2025-10-15T11:28:14+02:00,chirop-5,-92.78351648351648,92.78351648351648
2025-10-15T11:28:15+02:00,chirop-5,-102.64946236559138,102.64946236559138
2025-10-15T11:28:16+02:00,chirop-5,-109.68085106382978,109.68085106382978
2025-10-15T11:28:17+02:00,chirop-5,-112.23978494623654,112.23978494623654
2025-10-15T11:28:18+02:00,chirop-5,-162.7406593406593,162.7406593406593
2025-10-15T11:28:19+02:00,chirop-5,-225.5478260869565,225.5478260869565
2025-10-15T11:28:20+02:00,chirop-5,-235.83157894736848,235.83157894736848
2025-10-15T11:28:21+02:00,chirop-5,-236.82999999999996,236.82999999999996
2025-10-15T11:28:22+02:00,chirop-5,-232.21397849462366,232.21397849462366
2025-10-15T11:28:23+02:00,chirop-5,-245.44526315789471,245.44526315789471
2025-10-15T11:28:24+02:00,chirop-5,-244.5505494505495,244.5505494505495
2025-10-15T11:28:25+02:00,chirop-5,-240.18297872340423,240.18297872340423
2025-10-15T11:28:26+02:00,chirop-5,-242.8855670103092,242.8855670103092
2025-10-15T11:28:27+02:00,chirop-5,-244.05212765957447,244.05212765957447
2025-10-15T11:28:28+02:00,chirop-5,-240.38541666666663,240.38541666666663
2025-10-15T11:28:29+02:00,chirop-5,-245.1865979381444,245.1865979381444
2025-10-15T11:28:30+02:00,chirop-5,-240.48494623655913,240.48494623655913
2025-10-15T11:28:31+02:00,chirop-5,-241.75591397849473,241.75591397849473
2025-10-15T11:28:32+02:00,chirop-5,-239.96276595744675,239.96276595744675
2025-10-15T11:28:33+02:00,chirop-5,-242.36421052631584,242.36421052631584
2025-10-15T11:28:34+02:00,chirop-5,-240.71182795698917,240.71182795698917
2025-10-15T11:28:35+02:00,chirop-5,-238.6083333333333,238.6083333333333
2025-10-15T11:28:36+02:00,chirop-5,-242.8726315789474,242.8726315789474
2025-10-15T11:28:37+02:00,chirop-5,-246.07395833333345,246.07395833333345
2025-10-15T11:28:38+02:00,chirop-5,-246.42526315789485,246.42526315789485
2025-10-15T11:28:39+02:00,chirop-5,-242.5141304347826,242.5141304347826
2025-10-15T11:28:40+02:00,chirop-5,-242.65869565217383,242.65869565217383
2025-10-15T11:28:41+02:00,chirop-5,-242.404347826087,242.404347826087
2025-10-15T11:28:42+02:00,chirop-5,-241.2936842105263,241.2936842105263
2025-10-15T11:28:43+02:00,chirop-5,-237.50978260869567,237.50978260869567
2025-10-15T11:28:44+02:00,chirop-5,-243.74555555555554,243.74555555555554
2025-10-15T11:28:45+02:00,chirop-5,-239.51063829787228,239.51063829787228
2025-10-15T11:28:46+02:00,chirop-5,-249.3287234042553,249.3287234042553
2025-10-15T11:28:47+02:00,chirop-5,-240.52173913043478,240.52173913043478
2025-10-15T11:28:48+02:00,chirop-5,-240.88510638297876,240.88510638297876
2025-10-15T11:28:49+02:00,chirop-5,-246.06666666666672,246.06666666666672
2025-10-15T11:28:50+02:00,chirop-5,-241.2978494623655,241.2978494623655
2025-10-15T11:28:51+02:00,chirop-5,-245.83333333333334,245.83333333333334
2025-10-15T11:28:52+02:00,chirop-5,-244.1270833333334,244.1270833333334
2025-10-15T11:28:53+02:00,chirop-5,-240.7955555555556,240.7955555555556
2025-10-15T11:28:54+02:00,chirop-5,-243.3114583333333,243.3114583333333
2025-10-15T11:28:55+02:00,chirop-5,-243.80537634408606,243.80537634408606
2025-10-15T11:28:56+02:00,chirop-5,-245.0938775510204,245.0938775510204
2025-10-15T11:28:57+02:00,chirop-5,-241.4360824742268,241.4360824742268
2025-10-15T11:28:58+02:00,chirop-5,-245.6552083333333,245.6552083333333
2025-10-15T11:28:59+02:00,chirop-5,-243.9923076923077,243.9923076923077
2025-10-15T11:29:00+02:00,chirop-5,-245.95937500000002,245.95937500000002
2025-10-15T11:29:01+02:00,chirop-5,-242.75376344086015,242.75376344086015
2025-10-15T11:29:02+02:00,chirop-5,-239.1387096774193,239.1387096774193
2025-10-15T11:29:03+02:00,chirop-5,-247.55568181818188,247.55568181818188
2025-10-15T11:29:04+02:00,chirop-5,-240.96808510638297,240.96808510638297
2025-10-15T11:29:05+02:00,chirop-5,-243.0340425531915,243.0340425531915
2025-10-15T11:29:06+02:00,chirop-5,-239.58124999999995,239.58124999999995
2025-10-15T11:29:07+02:00,chirop-5,-240.64382022471906,240.64382022471906
2025-10-15T11:29:08+02:00,chirop-5,-242.88125000000002,242.88125000000002
2025-10-15T11:29:09+02:00,chirop-5,-244.18241758241763,244.18241758241763
2025-10-15T11:29:10+02:00,chirop-5,-240.38333333333333,240.38333333333333
2025-10-15T11:29:11+02:00,chirop-5,-246.54838709677432,246.54838709677432
2025-10-15T11:29:12+02:00,chirop-5,-239.9228260869565,239.9228260869565
2025-10-15T11:29:13+02:00,chirop-5,-244.72417582417586,244.72417582417586
2025-10-15T11:29:14+02:00,chirop-5,-236.91340206185572,236.91340206185572
2025-10-15T11:29:15+02:00,chirop-5,-240.16153846153844,240.16153846153844
2025-10-15T11:29:16+02:00,chirop-5,-242.9244680851064,242.9244680851064
2025-10-15T11:29:17+02:00,chirop-5,-237.04777777777775,237.04777777777775
2025-10-15T11:29:18+02:00,chirop-5,-239.89062500000003,239.89062500000003
2025-10-15T11:29:19+02:00,chirop-5,-240.10659340659336,240.10659340659336
2025-10-15T11:29:20+02:00,chirop-5,-242.73789473684218,242.73789473684218
2025-10-15T11:29:21+02:00,chirop-5,-240.21354166666669,240.21354166666669
2025-10-15T11:29:22+02:00,chirop-5,-235.1965517241379,235.1965517241379
2025-10-15T11:29:23+02:00,chirop-5,-241.88494623655913,241.88494623655913
2025-10-15T11:29:24+02:00,chirop-5,-245.00555555555553,245.00555555555553
2025-10-15T11:29:25+02:00,chirop-5,-240.05531914893618,240.05531914893618
2025-10-15T11:29:26+02:00,chirop-5,-237.2247311827957,237.2247311827957
2025-10-15T11:29:27+02:00,chirop-5,-238.23789473684212,238.23789473684212
2025-10-15T11:29:28+02:00,chirop-5,-244.59139784946234,244.59139784946234
2025-10-15T11:29:29+02:00,chirop-5,-236.26923076923077,236.26923076923077
2025-10-15T11:29:30+02:00,chirop-5,-239.781914893617,239.781914893617
2025-10-15T11:29:31+02:00,chirop-5,-241.21397849462363,241.21397849462363
2025-10-15T11:29:32+02:00,chirop-5,-240.32978723404256,240.32978723404256
2025-10-15T11:29:33+02:00,chirop-5,-239.94148936170217,239.94148936170217
2025-10-15T11:29:34+02:00,chirop-5,-240.05000000000007,240.05000000000007
2025-10-15T11:29:35+02:00,chirop-5,-239.68229166666663,239.68229166666663
2025-10-15T11:29:36+02:00,chirop-5,-242.7784946236559,242.7784946236559
2025-10-15T11:29:37+02:00,chirop-5,-242.8702127659574,242.8702127659574
2025-10-15T11:29:38+02:00,chirop-5,-238.27340425531918,238.27340425531918
2025-10-15T11:29:39+02:00,chirop-5,-238.88241758241753,238.88241758241753
2025-10-15T11:29:40+02:00,chirop-5,-237.82978723404256,237.82978723404256
2025-10-15T11:29:41+02:00,chirop-5,-236.17187500000006,236.17187500000006
2025-10-15T11:29:42+02:00,chirop-5,-238.32608695652175,238.32608695652175
2025-10-15T11:29:43+02:00,chirop-5,-234.56808510638297,234.56808510638297
2025-10-15T11:29:44+02:00,chirop-5,-237.1473684210527,237.1473684210527
2025-10-15T11:29:45+02:00,chirop-5,-240.99782608695645,240.99782608695645
2025-10-15T11:29:46+02:00,chirop-5,-236.74795918367346,236.74795918367346
2025-10-15T11:29:47+02:00,chirop-5,-235.72000000000003,235.72000000000003
2025-10-15T11:29:48+02:00,chirop-5,-237.39999999999998,237.39999999999998
2025-10-15T11:29:49+02:00,chirop-5,-235.60638297872345,235.60638297872345
2025-10-15T11:29:50+02:00,chirop-5,-239.14408602150542,239.14408602150542
2025-10-15T11:29:51+02:00,chirop-5,-234.23695652173916,234.23695652173916
2025-10-15T11:29:52+02:00,chirop-5,-239.3134020618557,239.3134020618557
2025-10-15T11:29:53+02:00,chirop-5,-242.72395833333334,242.72395833333334
2025-10-15T11:29:54+02:00,chirop-5,-241.74105263157892,241.74105263157892
2025-10-15T11:29:55+02:00,chirop-5,-238.24782608695648,238.24782608695648
2025-10-15T11:29:56+02:00,chirop-5,-234.58522727272725,234.58522727272725
2025-10-15T11:29:57+02:00,chirop-5,-237.70549450549447,237.70549450549447
2025-10-15T11:29:58+02:00,chirop-5,-239.6127659574468,239.6127659574468
2025-10-15T11:29:59+02:00,chirop-5,-239.60319148936168,239.60319148936168
2025-10-15T11:30:00+02:00,chirop-5,-240.53978494623652,240.53978494623652
2025-10-15T11:30:01+02:00,chirop-5,-237.78085106382983,237.78085106382983
2025-10-15T11:30:02+02:00,chirop-5,-244.24479166666657,244.24479166666657
2025-10-15T11:30:03+02:00,chirop-5,-239.32340425531916,239.32340425531916
2025-10-15T11:30:04+02:00,chirop-5,-237.7010752688172,237.7010752688172
2025-10-15T11:30:05+02:00,chirop-5,-238.81473684210525,238.81473684210525
2025-10-15T11:30:06+02:00,chirop-5,-239.67368421052635,239.67368421052635
2025-10-15T11:30:07+02:00,chirop-5,-237.85913978494628,237.85913978494628
2025-10-15T11:30:08+02:00,chirop-5,-239.43297872340423,239.43297872340423
2025-10-15T11:30:09+02:00,chirop-5,-241.89898989898987,241.89898989898987
2025-10-15T11:30:10+02:00,chirop-5,-245.28124999999994,245.28124999999994
2025-10-15T11:30:11+02:00,chirop-5,-238.9673684210527,238.9673684210527
2025-10-15T11:30:12+02:00,chirop-5,-241.58064516129042,241.58064516129042
2025-10-15T11:30:13+02:00,chirop-5,-245.17222222222216,245.17222222222216
2025-10-15T11:30:14+02:00,chirop-5,-237.09444444444432,237.09444444444432
2025-10-15T11:30:15+02:00,chirop-5,-238.40404040404044,238.40404040404044
2025-10-15T11:30:16+02:00,chirop-5,-239.66489361702125,239.66489361702125
2025-10-15T11:30:17+02:00,chirop-5,-238.97666666666666,238.97666666666666
2025-10-15T11:30:18+02:00,chirop-5,-242.17684210526315,242.17684210526315
2025-10-15T11:30:19+02:00,chirop-5,-246.82580645161295,246.82580645161295
2025-10-15T11:30:20+02:00,chirop-5,-237.6428571428571,237.6428571428571
2025-10-15T11:30:21+02:00,chirop-5,-239.74130434782603,239.74130434782603
2025-10-15T11:30:22+02:00,chirop-5,-239.99139784946237,239.99139784946237
2025-10-15T11:30:23+02:00,chirop-5,-242.59687499999995,242.59687499999995
2025-10-15T11:30:24+02:00,chirop-5,-239.90638297872346,239.90638297872346
2025-10-15T11:30:25+02:00,chirop-5,-241.40219780219786,241.40219780219786
2025-10-15T11:30:26+02:00,chirop-5,-241.37731958762885,241.37731958762885
2025-10-15T11:30:27+02:00,chirop-5,-246.9136842105263,246.9136842105263
2025-10-15T11:30:28+02:00,chirop-5,-234.1148936170212,234.1148936170212
2025-10-15T11:30:29+02:00,chirop-5,-238.89468085106387,238.89468085106387
2025-10-15T11:30:30+02:00,chirop-5,-239.35053763440857,239.35053763440857
2025-10-15T11:30:31+02:00,chirop-5,-237.9892473118279,237.9892473118279
2025-10-15T11:30:32+02:00,chirop-5,-238.4395833333333,238.4395833333333
2025-10-15T11:30:33+02:00,chirop-5,-241.5539325842697,241.5539325842697
2025-10-15T11:30:34+02:00,chirop-5,-241.93870967741933,241.93870967741933
2025-10-15T11:30:35+02:00,chirop-5,-240.45425531914896,240.45425531914896
2025-10-15T11:30:36+02:00,chirop-5,-238.89891304347827,238.89891304347827
2025-10-15T11:30:37+02:00,chirop-5,-239.98351648351655,239.98351648351655
2025-10-15T11:30:38+02:00,chirop-5,-235.67291666666677,235.67291666666677
2025-10-15T11:30:39+02:00,chirop-5,-241.3030612244898,241.3030612244898
2025-10-15T11:30:40+02:00,chirop-5,-238.92631578947368,238.92631578947368
2025-10-15T11:30:41+02:00,chirop-5,-237.7505263157895,237.7505263157895
2025-10-15T11:30:42+02:00,chirop-5,-238.05531914893618,238.05531914893618
2025-10-15T11:30:43+02:00,chirop-5,-240.75051546391757,240.75051546391757
2025-10-15T11:30:44+02:00,chirop-5,-249.75624999999997,249.75624999999997
2025-10-15T11:30:45+02:00,chirop-5,-240.2052631578947,240.2052631578947
2025-10-15T11:30:46+02:00,chirop-5,-240.07446808510645,240.07446808510645
2025-10-15T11:30:47+02:00,chirop-5,-240.99062500000002,240.99062500000002
2025-10-15T11:30:48+02:00,chirop-5,-239.83333333333337,239.83333333333337
2025-10-15T11:30:49+02:00,chirop-5,-234.76629213483142,234.76629213483142
2025-10-15T11:30:50+02:00,chirop-5,-236.93736263736264,236.93736263736264
2025-10-15T11:30:51+02:00,chirop-5,-239.99468085106386,239.99468085106386
2025-10-15T11:30:52+02:00,chirop-5,-240.0619565217391,240.0619565217391
2025-10-15T11:30:53+02:00,chirop-5,-242.0135416666667,242.0135416666667
2025-10-15T11:30:54+02:00,chirop-5,-237.08241758241763,237.08241758241763
2025-10-15T11:30:55+02:00,chirop-5,-238.7051020408163,238.7051020408163
2025-10-15T11:30:56+02:00,chirop-5,-241.40631578947375,241.40631578947375
2025-10-15T11:30:57+02:00,chirop-5,-239.8734693877552,239.8734693877552
2025-10-15T11:30:58+02:00,chirop-5,-241.19361702127662,241.19361702127662
2025-10-15T11:30:59+02:00,chirop-5,-238.65052631578948,238.65052631578948
2025-10-15T11:31:00+02:00,chirop-5,-238.91444444444443,238.91444444444443
2025-10-15T11:31:01+02:00,chirop-5,-245.11263157894734,245.11263157894734
2025-10-15T11:31:02+02:00,chirop-5,-240.45957446808512,240.45957446808512
2025-10-15T11:31:03+02:00,chirop-5,-239.78829787234045,239.78829787234045
2025-10-15T11:31:04+02:00,chirop-5,-238.77032967032966,238.77032967032966
2025-10-15T11:31:05+02:00,chirop-5,-241.281443298969,241.281443298969
2025-10-15T11:31:06+02:00,chirop-5,-242.2208333333334,242.2208333333334
2025-10-15T11:31:07+02:00,chirop-5,-238.52127659574472,238.52127659574472
2025-10-15T11:31:08+02:00,chirop-5,-241.68526315789472,241.68526315789472
2025-10-15T11:31:09+02:00,chirop-5,-243.73789473684207,243.73789473684207
2025-10-15T11:31:10+02:00,chirop-5,-240.7010638297872,240.7010638297872
2025-10-15T11:31:11+02:00,chirop-5,-237.12307692307695,237.12307692307695
2025-10-15T11:31:12+02:00,chirop-5,-242.10416666666663,242.10416666666663
2025-10-15T11:31:13+02:00,chirop-5,-239.23469387755097,239.23469387755097
2025-10-15T11:31:14+02:00,chirop-5,-243.65473684210525,243.65473684210525
2025-10-15T11:31:15+02:00,chirop-5,-239.978947368421,239.978947368421
2025-10-15T11:31:16+02:00,chirop-5,-241.34842105263158,241.34842105263158
2025-10-15T11:31:17+02:00,chirop-5,-242.42906976744186,242.42906976744186
2025-10-15T11:31:18+02:00,chirop-5,-246.7477777777778,246.7477777777778
2025-10-15T11:31:19+02:00,chirop-5,-242.2182795698925,242.2182795698925
2025-10-15T11:31:20+02:00,chirop-5,-240.38936170212773,240.38936170212773
2025-10-15T11:31:21+02:00,chirop-5,-238.62659574468086,238.62659574468086
2025-10-15T11:31:22+02:00,chirop-5,-240.57127659574468,240.57127659574468
2025-10-15T11:31:23+02:00,chirop-5,-242.46185567010315,242.46185567010315
2025-10-15T11:31:24+02:00,chirop-5,-240.58749999999998,240.58749999999998
2025-10-15T11:31:25+02:00,chirop-5,-235.8804347826087,235.8804347826087
2025-10-15T11:31:26+02:00,chirop-5,-244.84736842105264,244.84736842105264
2025-10-15T11:31:27+02:00,chirop-5,-240.61875000000003,240.61875000000003
2025-10-15T11:31:28+02:00,chirop-5,-238.75934065934064,238.75934065934064
2025-10-15T11:31:29+02:00,chirop-5,-238.73626373626377,238.73626373626377
2025-10-15T11:31:30+02:00,chirop-5,-240.78020833333335,240.78020833333335
2025-10-15T11:31:31+02:00,chirop-5,-244.55000000000004,244.55000000000004
2025-10-15T11:31:32+02:00,chirop-5,-238.1576470588235,238.1576470588235
2025-10-15T11:31:33+02:00,chirop-5,-237.80989010989018,237.80989010989018
2025-10-15T11:31:34+02:00,chirop-5,-239.6757894736843,239.6757894736843
2025-10-15T11:31:35+02:00,chirop-5,-244.03444444444455,244.03444444444455
2025-10-15T11:31:36+02:00,chirop-5,-242.52417582417576,242.52417582417576
2025-10-15T11:31:37+02:00,chirop-5,-241.68295454545455,241.68295454545455
2025-10-15T11:31:38+02:00,chirop-5,-241.68924731182796,241.68924731182796
2025-10-15T11:31:39+02:00,chirop-5,-243.83913043478253,243.83913043478253
2025-10-15T11:31:40+02:00,chirop-5,-241.33406593406596,241.33406593406596
2025-10-15T11:31:41+02:00,chirop-5,-240.3362637362638,240.3362637362638
2025-10-15T11:31:42+02:00,chirop-5,-243.80736842105262,243.80736842105262
2025-10-15T11:31:43+02:00,chirop-5,-246.02340425531912,246.02340425531912
2025-10-15T11:31:44+02:00,chirop-5,-240.63586956521743,240.63586956521743
2025-10-15T11:31:45+02:00,chirop-5,-239.18510638297874,239.18510638297874
2025-10-15T11:31:46+02:00,chirop-5,-235.48840579710142,235.48840579710142
2025-10-15T11:31:47+02:00,chirop-5,-236.94109589041093,236.94109589041093
2025-10-15T11:31:48+02:00,chirop-5,-242.40212765957452,242.40212765957452
2025-10-15T11:31:49+02:00,chirop-5,-242.11770833333335,242.11770833333335
2025-10-15T11:31:50+02:00,chirop-5,-243.6446808510638,243.6446808510638
2025-10-15T11:31:51+02:00,chirop-5,-243.39354838709676,243.39354838709676
2025-10-15T11:31:52+02:00,chirop-5,-244.51473684210526,244.51473684210526
2025-10-15T11:31:53+02:00,chirop-5,-241.57127659574462,241.57127659574462
2025-10-15T11:31:54+02:00,chirop-5,-241.61827956989242,241.61827956989242
2025-10-15T11:31:55+02:00,chirop-5,-238.80624999999995,238.80624999999995
2025-10-15T11:31:56+02:00,chirop-5,-238.98461538461544,238.98461538461544
2025-10-15T11:31:57+02:00,chirop-5,-243.10909090909092,243.10909090909092
2025-10-15T11:31:58+02:00,chirop-5,-237.28089887640448,237.28089887640448
2025-10-15T11:31:59+02:00,chirop-5,-242.24042553191487,242.24042553191487
2025-10-15T11:32:00+02:00,chirop-5,-249.93723404255314,249.93723404255314
2025-10-15T11:32:01+02:00,chirop-5,-238.49042553191498,238.49042553191498
2025-10-15T11:32:02+02:00,chirop-5,-242.67684210526318,242.67684210526318
2025-10-15T11:32:03+02:00,chirop-5,-243.29175257731958,243.29175257731958
2025-10-15T11:32:04+02:00,chirop-5,-245.3701030927834,245.3701030927834
2025-10-15T11:32:05+02:00,chirop-5,-240.23020833333334,240.23020833333334
2025-10-15T11:32:06+02:00,chirop-5,-240.9866666666667,240.9866666666667
2025-10-15T11:32:07+02:00,chirop-5,-240.50549450549454,240.50549450549454
2025-10-15T11:32:08+02:00,chirop-5,-240.9093749999999,240.9093749999999
2025-10-15T11:32:09+02:00,chirop-5,-244.00108695652176,244.00108695652176
2025-10-15T11:32:10+02:00,chirop-5,-238.6842105263159,238.6842105263159
2025-10-15T11:32:11+02:00,chirop-5,-241.2697916666667,241.2697916666667
2025-10-15T11:32:12+02:00,chirop-5,-238.38526315789477,238.38526315789477
2025-10-15T11:32:13+02:00,chirop-5,-245.22783505154644,245.22783505154644
2025-10-15T11:32:14+02:00,chirop-5,-240.378021978022,240.378021978022
2025-10-15T11:32:15+02:00,chirop-5,-241.0436170212766,241.0436170212766
2025-10-15T11:32:16+02:00,chirop-5,-242.4833333333334,242.4833333333334
2025-10-15T11:32:17+02:00,chirop-5,-245.33829787234046,245.33829787234046
2025-10-15T11:32:18+02:00,chirop-5,-240.3730337078652,240.3730337078652
2025-10-15T11:32:19+02:00,chirop-5,-242.89444444444447,242.89444444444447
2025-10-15T11:32:20+02:00,chirop-5,-241.99789473684217,241.99789473684217
2025-10-15T11:32:21+02:00,chirop-5,-245.03157894736842,245.03157894736842
2025-10-15T11:32:22+02:00,chirop-5,-242.20000000000005,242.20000000000005
2025-10-15T11:32:23+02:00,chirop-5,-245.20208333333332,245.20208333333332
2025-10-15T11:32:24+02:00,chirop-5,-243.7791666666666,243.7791666666666
2025-10-15T11:32:25+02:00,chirop-5,-249.5659574468085,249.5659574468085
2025-10-15T11:32:26+02:00,chirop-5,-245.82916666666665,245.82916666666665
2025-10-15T11:32:27+02:00,chirop-5,-243.9234042553191,243.9234042553191
2025-10-15T11:32:28+02:00,chirop-5,-246.0624999999999,246.0624999999999
2025-10-15T11:32:29+02:00,chirop-5,-241.047311827957,241.047311827957
2025-10-15T11:32:30+02:00,chirop-5,-240.21170212765963,240.21170212765963
2025-10-15T11:32:31+02:00,chirop-5,-241.5715789473685,241.5715789473685
2025-10-15T11:32:32+02:00,chirop-5,-243.99670329670326,243.99670329670326
2025-10-15T11:32:33+02:00,chirop-5,-246.48350515463926,246.48350515463926
2025-10-15T11:32:34+02:00,chirop-5,-245.91630434782616,245.91630434782616
2025-10-15T11:32:35+02:00,chirop-5,-245.28539325842698,245.28539325842698
2025-10-15T11:32:36+02:00,chirop-5,-241.2297872340426,241.2297872340426
2025-10-15T11:32:37+02:00,chirop-5,-246.82087912087914,246.82087912087914
2025-10-15T11:32:38+02:00,chirop-5,-242.2204301075269,242.2204301075269
2025-10-15T11:32:39+02:00,chirop-5,-245.8371134020619,245.8371134020619
2025-10-15T11:32:40+02:00,chirop-5,-244.5446808510639,244.5446808510639
2025-10-15T11:32:41+02:00,chirop-5,-246.54845360824737,246.54845360824737
2025-10-15T11:32:42+02:00,chirop-5,-248.690625,248.690625
2025-10-15T11:32:43+02:00,chirop-5,-247.9340206185567,247.9340206185567
2025-10-15T11:32:44+02:00,chirop-5,-241.8840425531914,241.8840425531914
2025-10-15T11:32:45+02:00,chirop-5,-243.05869565217392,243.05869565217392
2025-10-15T11:32:46+02:00,chirop-5,-241.6741935483871,241.6741935483871
2025-10-15T11:32:47+02:00,chirop-5,-246.05624999999992,246.05624999999992
2025-10-15T11:32:48+02:00,chirop-5,-242.9776595744681,242.9776595744681
2025-10-15T11:32:49+02:00,chirop-5,-244.87319587628863,244.87319587628863
2025-10-15T11:32:50+02:00,chirop-5,-243.19687499999998,243.19687499999998
2025-10-15T11:32:51+02:00,chirop-5,-251.20869565217384,251.20869565217384
2025-10-15T11:32:52+02:00,chirop-5,-247.11041666666657,247.11041666666657
2025-10-15T11:32:53+02:00,chirop-5,-245.32795698924724,245.32795698924724
2025-10-15T11:32:54+02:00,chirop-5,-246.809375,246.809375
2025-10-15T11:32:55+02:00,chirop-5,-242.09462365591395,242.09462365591395
2025-10-15T11:32:56+02:00,chirop-5,-245.72828282828277,245.72828282828277
2025-10-15T11:32:57+02:00,chirop-5,-244.6757894736843,244.6757894736843
2025-10-15T11:32:58+02:00,chirop-5,-245.59793814432987,245.59793814432987
2025-10-15T11:32:59+02:00,chirop-5,-253.16041666666672,253.16041666666672
2025-10-15T11:33:00+02:00,chirop-5,-245.27157894736837,245.27157894736837
2025-10-15T11:33:01+02:00,chirop-5,-239.96129032258065,239.96129032258065
2025-10-15T11:33:02+02:00,chirop-5,-245.0771739130435,245.0771739130435
2025-10-15T11:33:03+02:00,chirop-5,-244.6117021276595,244.6117021276595
2025-10-15T11:33:04+02:00,chirop-5,-245.1831578947369,245.1831578947369
2025-10-15T11:33:05+02:00,chirop-5,-245.65624999999994,245.65624999999994
2025-10-15T11:33:06+02:00,chirop-5,-244.7704081632653,244.7704081632653
2025-10-15T11:33:07+02:00,chirop-5,-244.17765957446818,244.17765957446818
2025-10-15T11:33:08+02:00,chirop-5,-244.53854166666665,244.53854166666665
2025-10-15T11:33:09+02:00,chirop-5,-241.61702127659578,241.61702127659578
2025-10-15T11:33:10+02:00,chirop-5,-245.58229166666672,245.58229166666672
2025-10-15T11:33:11+02:00,chirop-5,-244.88437500000003,244.88437500000003
2025-10-15T11:33:12+02:00,chirop-5,-242.3556701030928,242.3556701030928
2025-10-15T11:33:13+02:00,chirop-5,-242.1597826086956,242.1597826086956
2025-10-15T11:33:14+02:00,chirop-5,-244.7967741935485,244.7967741935485
2025-10-15T11:33:15+02:00,chirop-5,-241.18210526315795,241.18210526315795
2025-10-15T11:33:16+02:00,chirop-5,-249.47956989247314,249.47956989247314
2025-10-15T11:33:17+02:00,chirop-5,-241.33789473684214,241.33789473684214
2025-10-15T11:33:18+02:00,chirop-5,-244.20537634408595,244.20537634408595
2025-10-15T11:33:19+02:00,chirop-5,-241.96947368421058,241.96947368421058
2025-10-15T11:33:20+02:00,chirop-5,-240.60104166666667,240.60104166666667
2025-10-15T11:33:21+02:00,chirop-5,-242.12765957446803,242.12765957446803
2025-10-15T11:33:22+02:00,chirop-5,-243.13296703296697,243.13296703296697
2025-10-15T11:33:23+02:00,chirop-5,-242.0959183673469,242.0959183673469
2025-10-15T11:33:24+02:00,chirop-5,-242.29166666666669,242.29166666666669
2025-10-15T11:33:25+02:00,chirop-5,-247.05222222222227,247.05222222222227
2025-10-15T11:33:26+02:00,chirop-5,-242.75698924731185,242.75698924731185
2025-10-15T11:33:27+02:00,chirop-5,-245.14347826086964,245.14347826086964
2025-10-15T11:33:28+02:00,chirop-5,-244.04374999999993,244.04374999999993
2025-10-15T11:33:29+02:00,chirop-5,-243.00869565217394,243.00869565217394
2025-10-15T11:33:30+02:00,chirop-5,-244.04895833333336,244.04895833333336
2025-10-15T11:33:31+02:00,chirop-5,-243.16153846153847,243.16153846153847
2025-10-15T11:33:32+02:00,chirop-5,-246.87473684210525,246.87473684210525
2025-10-15T11:33:33+02:00,chirop-5,-247.47978723404253,247.47978723404253
2025-10-15T11:33:34+02:00,chirop-5,-243.81458333333333,243.81458333333333
2025-10-15T11:33:35+02:00,chirop-5,-247.2505154639175,247.2505154639175
2025-10-15T11:33:36+02:00,chirop-5,-244.30421052631584,244.30421052631584
2025-10-15T11:33:37+02:00,chirop-5,-242.28000000000003,242.28000000000003
2025-10-15T11:33:38+02:00,chirop-5,-244.21914893617026,244.21914893617026
2025-10-15T11:33:39+02:00,chirop-5,-243.11122448979597,243.11122448979597
2025-10-15T11:33:40+02:00,chirop-5,-246.15773195876292,246.15773195876292
2025-10-15T11:33:41+02:00,chirop-5,-242.74943820224718,242.74943820224718
2025-10-15T11:33:42+02:00,chirop-5,-247.11808510638295,247.11808510638295
2025-10-15T11:33:43+02:00,chirop-5,-239.93333333333334,239.93333333333334
2025-10-15T11:33:44+02:00,chirop-5,-242.21157894736837,242.21157894736837
2025-10-15T11:33:45+02:00,chirop-5,-246.16421052631577,246.16421052631577
2025-10-15T11:33:46+02:00,chirop-5,-241.17127659574464,241.17127659574464
2025-10-15T11:33:47+02:00,chirop-5,-240.03152173913048,240.03152173913048
2025-10-15T11:33:48+02:00,chirop-5,-244.92105263157902,244.92105263157902
2025-10-15T11:33:49+02:00,chirop-5,-243.379797979798,243.379797979798
2025-10-15T11:33:50+02:00,chirop-5,-249.7204301075269,249.7204301075269
2025-10-15T11:33:51+02:00,chirop-5,-243.32500000000002,243.32500000000002
2025-10-15T11:33:52+02:00,chirop-5,-243.84387755102043,243.84387755102043
2025-10-15T11:33:53+02:00,chirop-5,-241.08989898989904,241.08989898989904
2025-10-15T11:33:54+02:00,chirop-5,-240.84148936170214,240.84148936170214
2025-10-15T11:33:55+02:00,chirop-5,-245.21720430107524,245.21720430107524
2025-10-15T11:33:56+02:00,chirop-5,-242.72906976744187,242.72906976744187
2025-10-15T11:33:57+02:00,chirop-5,-245.78105263157897,245.78105263157897
2025-10-15T11:33:58+02:00,chirop-5,-244.52826086956526,244.52826086956526
2025-10-15T11:33:59+02:00,chirop-5,-246.25591397849465,246.25591397849465
2025-10-15T11:34:00+02:00,chirop-5,-243.3030927835052,243.3030927835052
2025-10-15T11:34:01+02:00,chirop-5,-244.11020408163265,244.11020408163265
2025-10-15T11:34:02+02:00,chirop-5,-246.32553191489353,246.32553191489353
2025-10-15T11:34:03+02:00,chirop-5,-248.7163043478262,248.7163043478262
2025-10-15T11:34:04+02:00,chirop-5,-244.3478723404255,244.3478723404255
2025-10-15T11:34:05+02:00,chirop-5,-244.22688172043007,244.22688172043007
2025-10-15T11:34:06+02:00,chirop-5,-245.10947368421063,245.10947368421063
2025-10-15T11:34:07+02:00,chirop-5,-244.23516483516485,244.23516483516485
2025-10-15T11:34:08+02:00,chirop-5,-246.9989583333333,246.9989583333333
2025-10-15T11:34:09+02:00,chirop-5,-244.84468085106386,244.84468085106386
2025-10-15T11:34:10+02:00,chirop-5,-244.2641304347826,244.2641304347826
2025-10-15T11:34:11+02:00,chirop-5,-248.75612244897968,248.75612244897968
2025-10-15T11:34:12+02:00,chirop-5,-242.69462365591403,242.69462365591403
2025-10-15T11:34:13+02:00,chirop-5,-247.931182795699,247.931182795699
2025-10-15T11:34:14+02:00,chirop-5,-243.44239130434784,243.44239130434784
2025-10-15T11:34:15+02:00,chirop-5,-240.93978494623656,240.93978494623656
2025-10-15T11:34:16+02:00,chirop-5,-252.12659574468086,252.12659574468086
2025-10-15T11:34:17+02:00,chirop-5,-246.32150537634408,246.32150537634408
2025-10-15T11:34:18+02:00,chirop-5,-247.27789473684217,247.27789473684217
2025-10-15T11:34:19+02:00,chirop-5,-243.92857142857144,243.92857142857144
2025-10-15T11:34:20+02:00,chirop-5,-244.12929292929294,244.12929292929294
2025-10-15T11:34:21+02:00,chirop-5,-240.48947368421054,240.48947368421054
2025-10-15T11:34:22+02:00,chirop-5,-244.19690721649485,244.19690721649485
2025-10-15T11:34:23+02:00,chirop-5,-244.81521739130443,244.81521739130443
2025-10-15T11:34:24+02:00,chirop-5,-247.61827956989248,247.61827956989248
2025-10-15T11:34:25+02:00,chirop-5,-250.39583333333337,250.39583333333337
2025-10-15T11:34:26+02:00,chirop-5,-246.68333333333337,246.68333333333337
2025-10-15T11:34:27+02:00,chirop-5,-245.77448979591844,245.77448979591844
2025-10-15T11:34:28+02:00,chirop-5,-249.0515789473684,249.0515789473684
2025-10-15T11:34:29+02:00,chirop-5,-244.38865979381447,244.38865979381447
2025-10-15T11:34:30+02:00,chirop-5,-246.346875,246.346875
2025-10-15T11:34:31+02:00,chirop-5,-243.09677419354836,243.09677419354836
2025-10-15T11:34:32+02:00,chirop-5,-246.63586956521726,246.63586956521726
2025-10-15T11:34:33+02:00,chirop-5,-246.96666666666664,246.96666666666664
2025-10-15T11:34:34+02:00,chirop-5,-248.35050505050506,248.35050505050506
2025-10-15T11:34:35+02:00,chirop-5,-244.95578947368412,244.95578947368412
2025-10-15T11:34:36+02:00,chirop-5,-245.10219780219776,245.10219780219776
2025-10-15T11:34:37+02:00,chirop-5,-246.39659090909095,246.39659090909095
2025-10-15T11:34:38+02:00,chirop-5,-245.64731182795697,245.64731182795697
2025-10-15T11:34:39+02:00,chirop-5,-251.3762886597939,251.3762886597939
2025-10-15T11:34:40+02:00,chirop-5,-245.07395833333334,245.07395833333334
2025-10-15T11:34:41+02:00,chirop-5,-247.29347826086956,247.29347826086956
2025-10-15T11:34:42+02:00,chirop-5,-251.4469387755102,251.4469387755102
2025-10-15T11:34:43+02:00,chirop-5,-247.77422680412366,247.77422680412366
2025-10-15T11:34:44+02:00,chirop-5,-245.06989247311827,245.06989247311827
2025-10-15T11:34:45+02:00,chirop-5,-245.40816326530617,245.40816326530617
2025-10-15T11:34:46+02:00,chirop-5,-247.7375,247.7375
2025-10-15T11:34:47+02:00,chirop-5,-245.87872340425537,245.87872340425537
2025-10-15T11:34:48+02:00,chirop-5,-246.33814432989686,246.33814432989686
2025-10-15T11:34:49+02:00,chirop-5,-247.57216494845358,247.57216494845358
2025-10-15T11:34:50+02:00,chirop-5,-249.55730337078649,249.55730337078649
2025-10-15T11:34:51+02:00,chirop-5,-248.00000000000006,248.00000000000006
2025-10-15T11:34:52+02:00,chirop-5,-245.91894736842107,245.91894736842107
2025-10-15T11:34:53+02:00,chirop-5,-248.59896907216495,248.59896907216495
2025-10-15T11:34:54+02:00,chirop-5,-244.58602150537627,244.58602150537627
2025-10-15T11:34:55+02:00,chirop-5,-244.62872340425542,244.62872340425542
2025-10-15T11:34:56+02:00,chirop-5,-241.18085106382975,241.18085106382975
2025-10-15T11:34:57+02:00,chirop-5,-244.7273684210526,244.7273684210526
2025-10-15T11:34:58+02:00,chirop-5,-249.02340425531918,249.02340425531918
2025-10-15T11:34:59+02:00,chirop-5,-246.34166666666664,246.34166666666664
2025-10-15T11:35:00+02:00,chirop-5,-247.01428571428576,247.01428571428576
2025-10-15T11:35:01+02:00,chirop-5,-245.49780219780223,245.49780219780223
2025-10-15T11:35:02+02:00,chirop-5,-245.00879120879125,245.00879120879125
2025-10-15T11:35:03+02:00,chirop-5,-246.49368421052628,246.49368421052628
2025-10-15T11:35:04+02:00,chirop-5,-244.0559139784947,244.0559139784947
2025-10-15T11:35:05+02:00,chirop-5,-245.0645833333333,245.0645833333333
2025-10-15T11:35:06+02:00,chirop-5,-245.6085106382979,245.6085106382979
2025-10-15T11:35:07+02:00,chirop-5,-247.653125,247.653125
2025-10-15T11:35:08+02:00,chirop-5,-245.845744680851,245.845744680851
2025-10-15T11:35:09+02:00,chirop-5,-243.33749999999992,243.33749999999992
2025-10-15T11:35:10+02:00,chirop-5,-245.74795918367346,245.74795918367346
2025-10-15T11:35:11+02:00,chirop-5,-241.19010989010985,241.19010989010985
2025-10-15T11:35:12+02:00,chirop-5,-245.83750000000003,245.83750000000003
2025-10-15T11:35:13+02:00,chirop-5,-245.3247422680413,245.3247422680413
2025-10-15T11:35:14+02:00,chirop-5,-243.05056179775278,243.05056179775278
2025-10-15T11:35:15+02:00,chirop-5,-248.23695652173913,248.23695652173913
2025-10-15T11:35:16+02:00,chirop-5,-250.11935483870965,250.11935483870965
2025-10-15T11:35:17+02:00,chirop-5,-246.32365591397848,246.32365591397848
2025-10-15T11:35:18+02:00,chirop-5,-242.90212765957446,242.90212765957446
2025-10-15T11:35:19+02:00,chirop-5,-240.54565217391297,240.54565217391297
2025-10-15T11:35:20+02:00,chirop-5,-249.78152173913043,249.78152173913043
2025-10-15T11:35:21+02:00,chirop-5,-249.67659574468087,249.67659574468087
2025-10-15T11:35:22+02:00,chirop-5,-243.77777777777786,243.77777777777786
2025-10-15T11:35:23+02:00,chirop-5,-243.40421052631586,243.40421052631586
2025-10-15T11:35:24+02:00,chirop-5,-244.38804347826078,244.38804347826078
2025-10-15T11:35:25+02:00,chirop-5,-246.10744680851064,246.10744680851064
2025-10-15T11:35:26+02:00,chirop-5,-244.8870967741936,244.8870967741936
2025-10-15T11:35:27+02:00,chirop-5,-240.956043956044,240.956043956044
2025-10-15T11:35:28+02:00,chirop-5,-241.66966292134833,241.66966292134833
2025-10-15T11:35:29+02:00,chirop-5,-247.09684210526316,247.09684210526316
2025-10-15T11:35:30+02:00,chirop-5,-245.9842696629214,245.9842696629214
2025-10-15T11:35:31+02:00,chirop-5,-244.56808510638294,244.56808510638294
2025-10-15T11:35:32+02:00,chirop-5,-243.41489361702122,243.41489361702122
2025-10-15T11:35:33+02:00,chirop-5,-251.93999999999988,251.93999999999988
2025-10-15T11:35:34+02:00,chirop-5,-245.42446808510644,245.42446808510644
2025-10-15T11:35:35+02:00,chirop-5,-243.9340425531915,243.9340425531915
2025-10-15T11:35:36+02:00,chirop-5,-246.0294736842106,246.0294736842106
2025-10-15T11:35:37+02:00,chirop-5,-246.6347368421053,246.6347368421053
2025-10-15T11:35:38+02:00,chirop-5,-243.00439560439563,243.00439560439563
2025-10-15T11:35:39+02:00,chirop-5,-244.75463917525775,244.75463917525775
2025-10-15T11:35:40+02:00,chirop-5,-243.57777777777778,243.57777777777778
2025-10-15T11:35:41+02:00,chirop-5,-244.84375,244.84375
2025-10-15T11:35:42+02:00,chirop-5,-248.9804347826087,248.9804347826087
2025-10-15T11:35:43+02:00,chirop-5,-247.26,247.26
2025-10-15T11:35:44+02:00,chirop-5,-245.0784946236559,245.0784946236559
2025-10-15T11:35:45+02:00,chirop-5,-243.97789473684207,243.97789473684207
2025-10-15T11:35:46+02:00,chirop-5,-244.54468085106384,244.54468085106384
2025-10-15T11:35:47+02:00,chirop-5,-245.90652173913043,245.90652173913043
2025-10-15T11:35:48+02:00,chirop-5,-245.4484210526317,245.4484210526317
2025-10-15T11:35:49+02:00,chirop-5,-245.56111111111107,245.56111111111107
2025-10-15T11:35:50+02:00,chirop-5,-247.884693877551,247.884693877551
2025-10-15T11:35:51+02:00,chirop-5,-246.30659340659338,246.30659340659338
2025-10-15T11:35:52+02:00,chirop-5,-246.3922222222221,246.3922222222221
2025-10-15T11:35:53+02:00,chirop-5,-241.49361702127652,241.49361702127652
2025-10-15T11:35:54+02:00,chirop-5,-243.20978260869566,243.20978260869566
2025-10-15T11:35:55+02:00,chirop-5,-250.97446808510642,250.97446808510642
2025-10-15T11:35:56+02:00,chirop-5,-243.60714285714278,243.60714285714278
2025-10-15T11:35:57+02:00,chirop-5,-244.63333333333338,244.63333333333338
2025-10-15T11:35:58+02:00,chirop-5,-244.01555555555558,244.01555555555558
2025-10-15T11:35:59+02:00,chirop-5,-253.09791666666672,253.09791666666672
2025-10-15T11:36:00+02:00,chirop-5,-245.4752688172042,245.4752688172042
2025-10-15T11:36:01+02:00,chirop-5,-244.24000000000004,244.24000000000004
2025-10-15T11:36:02+02:00,chirop-5,-241.08437500000002,241.08437500000002
2025-10-15T11:36:03+02:00,chirop-5,-238.8453333333334,238.8453333333334
2025-10-15T11:36:04+02:00,chirop-5,-243.53723404255317,243.53723404255317
2025-10-15T11:36:05+02:00,chirop-5,-246.06881720430115,246.06881720430115
2025-10-15T11:36:06+02:00,chirop-5,-243.7516129032258,243.7516129032258
2025-10-15T11:36:07+02:00,chirop-5,-247.1633333333334,247.1633333333334
2025-10-15T11:36:08+02:00,chirop-5,-250.9858695652174,250.9858695652174
2025-10-15T11:36:09+02:00,chirop-5,-245.56808510638297,245.56808510638297
2025-10-15T11:36:10+02:00,chirop-5,-244.76631578947365,244.76631578947365
2025-10-15T11:36:11+02:00,chirop-5,-244.7489130434783,244.7489130434783
2025-10-15T11:36:12+02:00,chirop-5,-242.5395604395605,242.5395604395605
2025-10-15T11:36:13+02:00,chirop-5,-249.04347826086956,249.04347826086956
2025-10-15T11:36:14+02:00,chirop-5,-245.63870967741937,245.63870967741937
2025-10-15T11:36:15+02:00,chirop-5,-242.74021739130433,242.74021739130433
2025-10-15T11:36:16+02:00,chirop-5,-251.32021276595742,251.32021276595742
2025-10-15T11:36:17+02:00,chirop-5,-249.5483870967743,249.5483870967743
2025-10-15T11:36:18+02:00,chirop-5,-244.78979591836742,244.78979591836742
2025-10-15T11:36:19+02:00,chirop-5,-250.87395833333335,250.87395833333335
2025-10-15T11:36:20+02:00,chirop-5,-246.17978723404252,246.17978723404252
2025-10-15T11:36:21+02:00,chirop-5,-242.76111111111106,242.76111111111106
2025-10-15T11:36:22+02:00,chirop-5,-248.04946236559152,248.04946236559152
2025-10-15T11:36:23+02:00,chirop-5,-247.54479166666658,247.54479166666658
2025-10-15T11:36:24+02:00,chirop-5,-244.39000000000001,244.39000000000001
2025-10-15T11:36:25+02:00,chirop-5,-252.07096774193553,252.07096774193553
2025-10-15T11:36:26+02:00,chirop-5,-245.26736842105262,245.26736842105262
2025-10-15T11:36:27+02:00,chirop-5,-246.73617021276593,246.73617021276593
2025-10-15T11:36:28+02:00,chirop-5,-246.90104166666674,246.90104166666674
2025-10-15T11:36:29+02:00,chirop-5,-242.77263157894737,242.77263157894737
2025-10-15T11:36:30+02:00,chirop-5,-245.483870967742,245.483870967742
2025-10-15T11:36:31+02:00,chirop-5,-245.80736842105262,245.80736842105262
2025-10-15T11:36:32+02:00,chirop-5,-247.99787234042552,247.99787234042552
2025-10-15T11:36:33+02:00,chirop-5,-246.14270833333336,246.14270833333336
2025-10-15T11:36:34+02:00,chirop-5,-250.74183673469392,250.74183673469392
2025-10-15T11:36:35+02:00,chirop-5,-244.75263157894727,244.75263157894727
2025-10-15T11:36:36+02:00,chirop-5,-245.71170212765955,245.71170212765955
2025-10-15T11:36:37+02:00,chirop-5,-242.85164835164838,242.85164835164838
2025-10-15T11:36:38+02:00,chirop-5,-242.9291666666666,242.9291666666666
2025-10-15T11:36:39+02:00,chirop-5,-241.7778947368421,241.7778947368421
2025-10-15T11:36:40+02:00,chirop-5,-248.01263157894732,248.01263157894732
2025-10-15T11:36:41+02:00,chirop-5,-243.6804347826087,243.6804347826087
2025-10-15T11:36:42+02:00,chirop-5,-250.79381443298962,250.79381443298962
2025-10-15T11:36:43+02:00,chirop-5,-247.90937499999995,247.90937499999995
2025-10-15T11:36:44+02:00,chirop-5,-247.1427083333333,247.1427083333333
2025-10-15T11:36:45+02:00,chirop-5,-246.6136842105263,246.6136842105263
2025-10-15T11:36:46+02:00,chirop-5,-242.27659574468083,242.27659574468083
2025-10-15T11:36:47+02:00,chirop-5,-243.35106382978728,243.35106382978728
2025-10-15T11:36:48+02:00,chirop-5,-243.3336956521739,243.3336956521739
2025-10-15T11:36:49+02:00,chirop-5,-243.3595744680852,243.3595744680852
2025-10-15T11:36:50+02:00,chirop-5,-245.4666666666666,245.4666666666666
2025-10-15T11:36:51+02:00,chirop-5,-245.38947368421054,245.38947368421054
2025-10-15T11:36:52+02:00,chirop-5,-247.2354838709677,247.2354838709677
2025-10-15T11:36:53+02:00,chirop-5,-248.0709677419356,248.0709677419356
2025-10-15T11:36:54+02:00,chirop-5,-244.42604166666666,244.42604166666666
2025-10-15T11:36:55+02:00,chirop-5,-248.53404255319148,248.53404255319148
2025-10-15T11:36:56+02:00,chirop-5,-244.25773195876292,244.25773195876292
2025-10-15T11:36:57+02:00,chirop-5,-245.26276595744685,245.26276595744685
2025-10-15T11:36:58+02:00,chirop-5,-247.5957446808511,247.5957446808511
2025-10-15T11:36:59+02:00,chirop-5,-246.7,246.7
2025-10-15T11:37:00+02:00,chirop-5,-249.62083333333342,249.62083333333342
2025-10-15T11:37:01+02:00,chirop-5,-245.31326530612247,245.31326530612247
2025-10-15T11:37:02+02:00,chirop-5,-245.22812499999998,245.22812499999998
2025-10-15T11:37:03+02:00,chirop-5,-245.53958333333338,245.53958333333338
2025-10-15T11:37:04+02:00,chirop-5,-243.26979166666666,243.26979166666666
2025-10-15T11:37:05+02:00,chirop-5,-247.4673469387755,247.4673469387755
2025-10-15T11:37:06+02:00,chirop-5,-241.3488888888889,241.3488888888889
2025-10-15T11:37:07+02:00,chirop-5,-244.13229166666662,244.13229166666662
2025-10-15T11:37:08+02:00,chirop-5,-250.19684210526324,250.19684210526324
2025-10-15T11:37:09+02:00,chirop-5,-246.78064516129032,246.78064516129032
2025-10-15T11:37:10+02:00,chirop-5,-246.23555555555552,246.23555555555552
2025-10-15T11:37:11+02:00,chirop-5,-243.5247422680412,243.5247422680412
2025-10-15T11:37:12+02:00,chirop-5,-246.44062499999995,246.44062499999995
2025-10-15T11:37:13+02:00,chirop-5,-242.6234042553191,242.6234042553191
2025-10-15T11:37:14+02:00,chirop-5,-248.31098901098906,248.31098901098906
2025-10-15T11:37:15+02:00,chirop-5,-242.4225806451613,242.4225806451613
2025-10-15T11:37:16+02:00,chirop-5,-240.49574468085103,240.49574468085103
2025-10-15T11:37:17+02:00,chirop-5,-246.7172043010753,246.7172043010753
2025-10-15T11:37:18+02:00,chirop-5,-248.086170212766,248.086170212766
2025-10-15T11:37:19+02:00,chirop-5,-249.6402173913043,249.6402173913043
2025-10-15T11:37:20+02:00,chirop-5,-245.7252631578948,245.7252631578948
2025-10-15T11:37:21+02:00,chirop-5,-245.72268041237106,245.72268041237106
2025-10-15T11:37:22+02:00,chirop-5,-244.125,244.125
2025-10-15T11:37:23+02:00,chirop-5,-241.91875000000005,241.91875000000005
2025-10-15T11:37:24+02:00,chirop-5,-243.9147368421053,243.9147368421053
2025-10-15T11:37:25+02:00,chirop-5,-244.38152173913045,244.38152173913045
2025-10-15T11:37:26+02:00,chirop-5,-248.35978260869564,248.35978260869564
2025-10-15T11:37:27+02:00,chirop-5,-249.26021505376352,249.26021505376352
2025-10-15T11:37:28+02:00,chirop-5,-247.69777777777784,247.69777777777784
2025-10-15T11:37:29+02:00,chirop-5,-248.1210526315789,248.1210526315789
2025-10-15T11:37:30+02:00,chirop-5,-244.3612903225806,244.3612903225806
2025-10-15T11:37:31+02:00,chirop-5,-244.5585106382979,244.5585106382979
2025-10-15T11:37:32+02:00,chirop-5,-244.4186813186813,244.4186813186813
2025-10-15T11:37:33+02:00,chirop-5,-245.00430107526887,245.00430107526887
2025-10-15T11:37:34+02:00,chirop-5,-245.39139784946235,245.39139784946235
2025-10-15T11:37:35+02:00,chirop-5,-250.18541666666664,250.18541666666664
2025-10-15T11:37:36+02:00,chirop-5,-245.88571428571427,245.88571428571427
2025-10-15T11:37:37+02:00,chirop-5,-246.93645833333335,246.93645833333335
2025-10-15T11:37:38+02:00,chirop-5,-243.64891304347827,243.64891304347827
2025-10-15T11:37:39+02:00,chirop-5,-247.67362637362638,247.67362637362638
2025-10-15T11:37:40+02:00,chirop-5,-247.74731182795705,247.74731182795705
2025-10-15T11:37:41+02:00,chirop-5,-242.13846153846154,242.13846153846154
2025-10-15T11:37:42+02:00,chirop-5,-245.52000000000004,245.52000000000004
2025-10-15T11:37:43+02:00,chirop-5,-248.45161290322582,248.45161290322582
2025-10-15T11:37:44+02:00,chirop-5,-248.35483870967747,248.35483870967747
2025-10-15T11:37:45+02:00,chirop-5,-247.44148936170217,247.44148936170217
2025-10-15T11:37:46+02:00,chirop-5,-243.8247311827957,243.8247311827957
2025-10-15T11:37:47+02:00,chirop-5,-244.73367346938778,244.73367346938778
2025-10-15T11:37:48+02:00,chirop-5,-246.30510204081628,246.30510204081628
2025-10-15T11:37:49+02:00,chirop-5,-246.47444444444443,246.47444444444443
2025-10-15T11:37:50+02:00,chirop-5,-245.40526315789478,245.40526315789478
2025-10-15T11:37:51+02:00,chirop-5,-246.53295454545454,246.53295454545454
2025-10-15T11:37:52+02:00,chirop-5,-247.91538461538457,247.91538461538457
2025-10-15T11:37:53+02:00,chirop-5,-248.77234042553187,248.77234042553187
2025-10-15T11:37:54+02:00,chirop-5,-245.1126315789474,245.1126315789474
2025-10-15T11:37:55+02:00,chirop-5,-244.17708333333334,244.17708333333334
2025-10-15T11:37:56+02:00,chirop-5,-243.5758241758242,243.5758241758242
2025-10-15T11:37:57+02:00,chirop-5,-244.97934782608698,244.97934782608698
2025-10-15T11:37:58+02:00,chirop-5,-243.6042105263158,243.6042105263158
2025-10-15T11:37:59+02:00,chirop-5,-245.74086021505377,245.74086021505377
2025-10-15T11:38:00+02:00,chirop-5,-246.73297872340424,246.73297872340424
2025-10-15T11:38:01+02:00,chirop-5,-247.70989010989007,247.70989010989007
2025-10-15T11:38:02+02:00,chirop-5,-243.76145833333334,243.76145833333334
2025-10-15T11:38:03+02:00,chirop-5,-240.00439560439565,240.00439560439565
2025-10-15T11:38:04+02:00,chirop-5,-247.30112359550554,247.30112359550554
2025-10-15T11:38:05+02:00,chirop-5,-243.28775510204076,243.28775510204076
2025-10-15T11:38:06+02:00,chirop-5,-247.1702127659574,247.1702127659574
2025-10-15T11:38:07+02:00,chirop-5,-244.63092783505164,244.63092783505164
2025-10-15T11:38:08+02:00,chirop-5,-244.8723404255319,244.8723404255319
2025-10-15T11:38:09+02:00,chirop-5,-241.36458333333331,241.36458333333331
2025-10-15T11:38:10+02:00,chirop-5,-250.98279569892478,250.98279569892478
2025-10-15T11:38:11+02:00,chirop-5,-246.1623655913978,246.1623655913978
2025-10-15T11:38:12+02:00,chirop-5,-241.72717391304352,241.72717391304352
2025-10-15T11:38:13+02:00,chirop-5,-243.34479166666674,243.34479166666674
2025-10-15T11:38:14+02:00,chirop-5,-247.06875000000002,247.06875000000002
2025-10-15T11:38:15+02:00,chirop-5,-247.6285714285714,247.6285714285714
2025-10-15T11:38:16+02:00,chirop-5,-247.64456521739135,247.64456521739135
2025-10-15T11:38:17+02:00,chirop-5,-246.24891304347824,246.24891304347824
2025-10-15T11:38:18+02:00,chirop-5,-234.81666666666666,234.81666666666666
2025-10-15T11:38:19+02:00,chirop-5,-205.78350515463913,205.78350515463913
2025-10-15T11:38:20+02:00,chirop-5,-197.55869565217392,197.55869565217392
2025-10-15T11:38:21+02:00,chirop-5,-194.91546391752576,194.91546391752576
2025-10-15T11:38:22+02:00,chirop-5,-171.2021052631579,171.2021052631579
2025-10-15T11:38:23+02:00,chirop-5,-101.83555555555554,101.83555555555554
2025-10-15T11:38:24+02:00,chirop-5,-98.63297872340425,98.63297872340425
2025-10-15T11:38:25+02:00,chirop-5,-97.09895833333334,97.09895833333334
2025-10-15T11:38:26+02:00,chirop-5,-97.55157894736843,97.55157894736843
2025-10-15T11:38:27+02:00,chirop-5,-96.27934782608695,96.27934782608695
2025-10-15T11:38:28+02:00,chirop-5,-100.29574468085106,100.29574468085106
2025-10-15T11:38:29+02:00,chirop-5,-111.22708333333333,111.22708333333333
2025-10-15T11:38:30+02:00,chirop-5,-94.26395348837207,94.26395348837207
2025-10-15T11:38:31+02:00,chirop-5,-101.518085106383,101.518085106383
2025-10-15T11:38:32+02:00,chirop-5,-97.95319148936167,97.95319148936167
2025-10-15T11:38:33+02:00,chirop-5,-100.91182795698927,100.91182795698927
2025-10-15T11:38:34+02:00,chirop-5,-95.38709677419355,95.38709677419355
2025-10-15T11:38:35+02:00,chirop-5,-92.48333333333332,92.48333333333332
2025-10-15T11:38:36+02:00,chirop-5,-102.5639175257732,102.5639175257732
2025-10-15T11:38:37+02:00,chirop-5,-101.07835051546391,101.07835051546391
2025-10-15T11:38:38+02:00,chirop-5,-93.25842696629212,93.25842696629212
2025-10-15T11:38:39+02:00,chirop-5,-94.01684210526318,94.01684210526318
2025-10-15T11:38:40+02:00,chirop-5,-86.9090909090909,86.9090909090909
2025-10-15T11:38:41+02:00,chirop-5,-87.14193548387097,87.14193548387097
2025-10-15T11:38:42+02:00,chirop-5,-89.63894736842103,89.63894736842103
2025-10-15T11:38:43+02:00,chirop-5,-89.00879120879121,89.00879120879121
2025-10-15T11:38:44+02:00,chirop-5,-94.66021505376341,94.66021505376341
2025-10-15T11:38:45+02:00,chirop-5,-95.12959183673472,95.12959183673472
